GM12878_PM00001_PacBio	inline	full	1	bam	144824872
GM12878_PM00001_PacBio	inline	full	1	cram	115862906
GM12878_PM00001_PacBio	inline	full	6	bam	127988526
GM12878_PM00001_PacBio	inline	full	6	cram	100579797
GM12878_PM00001_PacBio	inline	full	9	bam	119274984
GM12878_PM00001_PacBio	inline	full	9	cram	96199168
GM12878_PM00001_PacBio	inline	tag	1	bam	6568271
GM12878_PM00001_PacBio	inline	tag	1	cram	5547870
GM12878_PM00001_PacBio	inline	tag	6	bam	6178794
GM12878_PM00001_PacBio	inline	tag	6	cram	5545605
GM12878_PM00001_PacBio	inline	tag	9	bam	5889707
GM12878_PM00001_PacBio	inline	tag	9	cram	5545032
GM12878_PM00001_PacBio	META	annos	0	-	1512939
GM12878_PM00001_PacBio	META	reads	0	-	9930
GM12878_PM00001_PacBio	split	full	1	bam	145402184
GM12878_PM00001_PacBio	split	full	1	cram	115845105
GM12878_PM00001_PacBio	split	full	6	bam	128444891
GM12878_PM00001_PacBio	split	full	6	cram	100022300
GM12878_PM00001_PacBio	split	full	9	bam	119408927
GM12878_PM00001_PacBio	split	full	9	cram	95349293
GM12878_PM00001_PacBio	split	tag	1	bam	6949450
GM12878_PM00001_PacBio	split	tag	1	cram	5404449
GM12878_PM00001_PacBio	split	tag	6	bam	6754892
GM12878_PM00001_PacBio	split	tag	6	cram	4934783
GM12878_PM00001_PacBio	split	tag	9	bam	6362343
GM12878_PM00001_PacBio	split	tag	9	cram	4869740
HG002	inline	full	1	bam	125543152
HG002	inline	full	1	cram	102049143
HG002	inline	full	6	bam	112817700
HG002	inline	full	6	cram	87643091
HG002	inline	full	9	bam	105502120
HG002	inline	full	9	cram	84455696
HG002	inline	tag	1	bam	5700376
HG002	inline	tag	1	cram	4798413
HG002	inline	tag	6	bam	5373982
HG002	inline	tag	6	cram	4796119
HG002	inline	tag	9	bam	5125300
HG002	inline	tag	9	cram	4795548
HG002	META	annos	0	-	1313281
HG002	META	reads	0	-	9853
HG002_PS01015_PacBio	inline	full	1	bam	75224584
HG002_PS01015_PacBio	inline	full	1	cram	55456799
HG002_PS01015_PacBio	inline	full	6	bam	67102994
HG002_PS01015_PacBio	inline	full	6	cram	47439470
HG002_PS01015_PacBio	inline	full	9	bam	61605424
HG002_PS01015_PacBio	inline	full	9	cram	46639037
HG002_PS01015_PacBio	inline	tag	1	bam	4873664
HG002_PS01015_PacBio	inline	tag	1	cram	4118329
HG002_PS01015_PacBio	inline	tag	6	bam	4604750
HG002_PS01015_PacBio	inline	tag	6	cram	4116484
HG002_PS01015_PacBio	inline	tag	9	bam	4385829
HG002_PS01015_PacBio	inline	tag	9	cram	4116084
HG002_PS01015_PacBio	META	annos	0	-	1132093
HG002_PS01015_PacBio	META	reads	0	-	9735
HG002_PS01015_PacBio	split	full	1	bam	75578788
HG002_PS01015_PacBio	split	full	1	cram	55460774
HG002_PS01015_PacBio	split	full	6	bam	67459855
HG002_PS01015_PacBio	split	full	6	cram	47053641
HG002_PS01015_PacBio	split	full	9	bam	61714080
HG002_PS01015_PacBio	split	full	9	cram	46227620
HG002_PS01015_PacBio	split	tag	1	bam	5186804
HG002_PS01015_PacBio	split	tag	1	cram	4031878
HG002_PS01015_PacBio	split	tag	6	bam	5041931
HG002_PS01015_PacBio	split	tag	6	cram	3679438
HG002_PS01015_PacBio	split	tag	9	bam	4782124
HG002_PS01015_PacBio	split	tag	9	cram	3651543
HG002	split	full	1	bam	126052687
HG002	split	full	1	cram	102061805
HG002	split	full	6	bam	113180321
HG002	split	full	6	cram	87233806
HG002	split	full	9	bam	105629183
HG002	split	full	9	cram	84022593
HG002	split	tag	1	bam	6071296
HG002	split	tag	1	cram	4703966
HG002	split	tag	6	bam	5893140
HG002	split	tag	6	cram	4313118
HG002	split	tag	9	bam	5577869
HG002	split	tag	9	cram	4283571
HG00438_PS00991_ONT	inline	full	1	bam	172798913
HG00438_PS00991_ONT	inline	full	1	cram	132267678
HG00438_PS00991_ONT	inline	full	6	bam	157619925
HG00438_PS00991_ONT	inline	full	6	cram	128820739
HG00438_PS00991_ONT	inline	full	9	bam	150473332
HG00438_PS00991_ONT	inline	full	9	cram	126454157
HG00438_PS00991_ONT	inline	tag	1	bam	4487833
HG00438_PS00991_ONT	inline	tag	1	cram	3755708
HG00438_PS00991_ONT	inline	tag	6	bam	4239929
HG00438_PS00991_ONT	inline	tag	6	cram	3754913
HG00438_PS00991_ONT	inline	tag	9	bam	4038714
HG00438_PS00991_ONT	inline	tag	9	cram	3754329
HG00438_PS00991_ONT	META	annos	0	-	942917
HG00438_PS00991_ONT	META	reads	0	-	9779
HG00438_PS00991_ONT	split	full	1	bam	173248119
HG00438_PS00991_ONT	split	full	1	cram	132352216
HG00438_PS00991_ONT	split	full	6	bam	158017284
HG00438_PS00991_ONT	split	full	6	cram	128666994
HG00438_PS00991_ONT	split	full	9	bam	150667575
HG00438_PS00991_ONT	split	full	9	cram	126185323
HG00438_PS00991_ONT	split	tag	1	bam	4808903
HG00438_PS00991_ONT	split	tag	1	cram	3706255
HG00438_PS00991_ONT	split	tag	6	bam	4659929
HG00438_PS00991_ONT	split	tag	6	cram	3444831
HG00438_PS00991_ONT	split	tag	9	bam	4274774
HG00438_PS00991_ONT	split	tag	9	cram	3338641
HG00621_PS00992_ONT	inline	full	1	bam	272963387
HG00621_PS00992_ONT	inline	full	1	cram	210580896
HG00621_PS00992_ONT	inline	full	6	bam	249062822
HG00621_PS00992_ONT	inline	full	6	cram	207291185
HG00621_PS00992_ONT	inline	full	9	bam	237218729
HG00621_PS00992_ONT	inline	full	9	cram	205833965
HG00621_PS00992_ONT	inline	tag	1	bam	7819281
HG00621_PS00992_ONT	inline	tag	1	cram	6645924
HG00621_PS00992_ONT	inline	tag	6	bam	7372969
HG00621_PS00992_ONT	inline	tag	6	cram	6644666
HG00621_PS00992_ONT	inline	tag	9	bam	7024180
HG00621_PS00992_ONT	inline	tag	9	cram	6644210
HG00621_PS00992_ONT	META	annos	0	-	1703139
HG00621_PS00992_ONT	META	reads	0	-	9776
HG00621_PS00992_ONT	split	full	1	bam	273783610
HG00621_PS00992_ONT	split	full	1	cram	210679908
HG00621_PS00992_ONT	split	full	6	bam	249882703
HG00621_PS00992_ONT	split	full	6	cram	206947779
HG00621_PS00992_ONT	split	full	9	bam	237603559
HG00621_PS00992_ONT	split	full	9	cram	205233367
HG00621_PS00992_ONT	split	tag	1	bam	8370456
HG00621_PS00992_ONT	split	tag	1	cram	6561395
HG00621_PS00992_ONT	split	tag	6	bam	8117075
HG00621_PS00992_ONT	split	tag	6	cram	6098564
HG00621_PS00992_ONT	split	tag	9	bam	7403070
HG00621_PS00992_ONT	split	tag	9	cram	5876355
HG00673_PS00993_ONT	inline	full	1	bam	291381511
HG00673_PS00993_ONT	inline	full	1	cram	227016405
HG00673_PS00993_ONT	inline	full	6	bam	267417463
HG00673_PS00993_ONT	inline	full	6	cram	223032174
HG00673_PS00993_ONT	inline	full	9	bam	255327908
HG00673_PS00993_ONT	inline	full	9	cram	221271257
HG00673_PS00993_ONT	inline	tag	1	bam	7276427
HG00673_PS00993_ONT	inline	tag	1	cram	6191232
HG00673_PS00993_ONT	inline	tag	6	bam	6851751
HG00673_PS00993_ONT	inline	tag	6	cram	6190195
HG00673_PS00993_ONT	inline	tag	9	bam	6497839
HG00673_PS00993_ONT	inline	tag	9	cram	6189522
HG00673_PS00993_ONT	META	annos	0	-	1562186
HG00673_PS00993_ONT	META	reads	0	-	9765
HG00673_PS00993_ONT	split	full	1	bam	292059689
HG00673_PS00993_ONT	split	full	1	cram	227142589
HG00673_PS00993_ONT	split	full	6	bam	268072016
HG00673_PS00993_ONT	split	full	6	cram	222714744
HG00673_PS00993_ONT	split	full	9	bam	255596150
HG00673_PS00993_ONT	split	full	9	cram	220742533
HG00673_PS00993_ONT	split	tag	1	bam	7775992
HG00673_PS00993_ONT	split	tag	1	cram	6107949
HG00673_PS00993_ONT	split	tag	6	bam	7531202
HG00673_PS00993_ONT	split	tag	6	cram	5679693
HG00673_PS00993_ONT	split	tag	9	bam	6837151
HG00673_PS00993_ONT	split	tag	9	cram	5519927
HG00735_PS00994_ONT	inline	full	1	bam	245410744
HG00735_PS00994_ONT	inline	full	1	cram	190764079
HG00735_PS00994_ONT	inline	full	6	bam	224515347
HG00735_PS00994_ONT	inline	full	6	cram	187107896
HG00735_PS00994_ONT	inline	full	9	bam	213398576
HG00735_PS00994_ONT	inline	full	9	cram	184412685
HG00735_PS00994_ONT	inline	tag	1	bam	5644063
HG00735_PS00994_ONT	inline	tag	1	cram	4766525
HG00735_PS00994_ONT	inline	tag	6	bam	5314966
HG00735_PS00994_ONT	inline	tag	6	cram	4765746
HG00735_PS00994_ONT	inline	tag	9	bam	5055109
HG00735_PS00994_ONT	inline	tag	9	cram	4765205
HG00735_PS00994_ONT	META	annos	0	-	1200653
HG00735_PS00994_ONT	META	reads	0	-	9633
HG00735_PS00994_ONT	split	full	1	bam	245966509
HG00735_PS00994_ONT	split	full	1	cram	190873392
HG00735_PS00994_ONT	split	full	6	bam	225026902
HG00735_PS00994_ONT	split	full	6	cram	186987261
HG00735_PS00994_ONT	split	full	9	bam	213649108
HG00735_PS00994_ONT	split	full	9	cram	184049181
HG00735_PS00994_ONT	split	tag	1	bam	6043052
HG00735_PS00994_ONT	split	tag	1	cram	4714320
HG00735_PS00994_ONT	split	tag	6	bam	5846087
HG00735_PS00994_ONT	split	tag	6	cram	4388174
HG00735_PS00994_ONT	split	tag	9	bam	5326859
HG00735_PS00994_ONT	split	tag	9	cram	4294057
HG00741_PS00995_ONT	inline	full	1	bam	261659108
HG00741_PS00995_ONT	inline	full	1	cram	202596896
HG00741_PS00995_ONT	inline	full	6	bam	239146318
HG00741_PS00995_ONT	inline	full	6	cram	199318220
HG00741_PS00995_ONT	inline	full	9	bam	228015907
HG00741_PS00995_ONT	inline	full	9	cram	195712404
HG00741_PS00995_ONT	inline	tag	1	bam	5838331
HG00741_PS00995_ONT	inline	tag	1	cram	4923012
HG00741_PS00995_ONT	inline	tag	6	bam	5503312
HG00741_PS00995_ONT	inline	tag	6	cram	4922063
HG00741_PS00995_ONT	inline	tag	9	bam	5247051
HG00741_PS00995_ONT	inline	tag	9	cram	4921693
HG00741_PS00995_ONT	META	annos	0	-	1247533
HG00741_PS00995_ONT	META	reads	0	-	9635
HG00741_PS00995_ONT	split	full	1	bam	262273731
HG00741_PS00995_ONT	split	full	1	cram	202706022
HG00741_PS00995_ONT	split	full	6	bam	239741798
HG00741_PS00995_ONT	split	full	6	cram	199162092
HG00741_PS00995_ONT	split	full	9	bam	228310330
HG00741_PS00995_ONT	split	full	9	cram	195355427
HG00741_PS00995_ONT	split	tag	1	bam	6270210
HG00741_PS00995_ONT	split	tag	1	cram	4880366
HG00741_PS00995_ONT	split	tag	6	bam	6062917
HG00741_PS00995_ONT	split	tag	6	cram	4547733
HG00741_PS00995_ONT	split	tag	9	bam	5539139
HG00741_PS00995_ONT	split	tag	9	cram	4398634
HG01071_PS00996_ONT	inline	full	1	bam	302310908
HG01071_PS00996_ONT	inline	full	1	cram	240569944
HG01071_PS00996_ONT	inline	full	6	bam	276802570
HG01071_PS00996_ONT	inline	full	6	cram	232732744
HG01071_PS00996_ONT	inline	full	9	bam	263808256
HG01071_PS00996_ONT	inline	full	9	cram	227733071
HG01071_PS00996_ONT	inline	tag	1	bam	8284961
HG01071_PS00996_ONT	inline	tag	1	cram	7072396
HG01071_PS00996_ONT	inline	tag	6	bam	7802174
HG01071_PS00996_ONT	inline	tag	6	cram	7071251
HG01071_PS00996_ONT	inline	tag	9	bam	7402104
HG01071_PS00996_ONT	inline	tag	9	cram	7070467
HG01071_PS00996_ONT	META	annos	0	-	1793922
HG01071_PS00996_ONT	META	reads	0	-	9681
HG01071_PS00996_ONT	split	full	1	bam	303087053
HG01071_PS00996_ONT	split	full	1	cram	240562948
HG01071_PS00996_ONT	split	full	6	bam	277580536
HG01071_PS00996_ONT	split	full	6	cram	231646147
HG01071_PS00996_ONT	split	full	9	bam	264094289
HG01071_PS00996_ONT	split	full	9	cram	227052638
HG01071_PS00996_ONT	split	tag	1	bam	8853052
HG01071_PS00996_ONT	split	tag	1	cram	6974140
HG01071_PS00996_ONT	split	tag	6	bam	8574451
HG01071_PS00996_ONT	split	tag	6	cram	6484721
HG01071_PS00996_ONT	split	tag	9	bam	7783723
HG01071_PS00996_ONT	split	tag	9	cram	6211394
HG01106_PS00997_ONT	inline	full	1	bam	240993145
HG01106_PS00997_ONT	inline	full	1	cram	185621712
HG01106_PS00997_ONT	inline	full	6	bam	220479399
HG01106_PS00997_ONT	inline	full	6	cram	182898859
HG01106_PS00997_ONT	inline	full	9	bam	210384394
HG01106_PS00997_ONT	inline	full	9	cram	179770602
HG01106_PS00997_ONT	inline	tag	1	bam	5920134
HG01106_PS00997_ONT	inline	tag	1	cram	4998315
HG01106_PS00997_ONT	inline	tag	6	bam	5581553
HG01106_PS00997_ONT	inline	tag	6	cram	4997307
HG01106_PS00997_ONT	inline	tag	9	bam	5313047
HG01106_PS00997_ONT	inline	tag	9	cram	4996806
HG01106_PS00997_ONT	META	annos	0	-	1264591
HG01106_PS00997_ONT	META	reads	0	-	9756
HG01106_PS00997_ONT	split	full	1	bam	241595368
HG01106_PS00997_ONT	split	full	1	cram	185723710
HG01106_PS00997_ONT	split	full	6	bam	221047345
HG01106_PS00997_ONT	split	full	6	cram	181736613
HG01106_PS00997_ONT	split	full	9	bam	210654655
HG01106_PS00997_ONT	split	full	9	cram	179391767
HG01106_PS00997_ONT	split	tag	1	bam	6345353
HG01106_PS00997_ONT	split	tag	1	cram	4941216
HG01106_PS00997_ONT	split	tag	6	bam	6140231
HG01106_PS00997_ONT	split	tag	6	cram	4596549
HG01106_PS00997_ONT	split	tag	9	bam	5611716
HG01106_PS00997_ONT	split	tag	9	cram	4446934
HG01123_PS00971_PacBio	inline	full	1	bam	141284614
HG01123_PS00971_PacBio	inline	full	1	cram	102540175
HG01123_PS00971_PacBio	inline	full	6	bam	122456012
HG01123_PS00971_PacBio	inline	full	6	cram	89236327
HG01123_PS00971_PacBio	inline	full	9	bam	113620780
HG01123_PS00971_PacBio	inline	full	9	cram	87494663
HG01123_PS00971_PacBio	inline	tag	1	bam	6842070
HG01123_PS00971_PacBio	inline	tag	1	cram	5803326
HG01123_PS00971_PacBio	inline	tag	6	bam	6457941
HG01123_PS00971_PacBio	inline	tag	6	cram	5801984
HG01123_PS00971_PacBio	inline	tag	9	bam	6179467
HG01123_PS00971_PacBio	inline	tag	9	cram	5801342
HG01123_PS00971_PacBio	META	annos	0	-	1578592
HG01123_PS00971_PacBio	META	reads	0	-	9972
HG01123_PS00971_PacBio	split	full	1	bam	141687324
HG01123_PS00971_PacBio	split	full	1	cram	102584929
HG01123_PS00971_PacBio	split	full	6	bam	122758872
HG01123_PS00971_PacBio	split	full	6	cram	88832692
HG01123_PS00971_PacBio	split	full	9	bam	113638034
HG01123_PS00971_PacBio	split	full	9	cram	87030626
HG01123_PS00971_PacBio	split	tag	1	bam	7323579
HG01123_PS00971_PacBio	split	tag	1	cram	5719341
HG01123_PS00971_PacBio	split	tag	6	bam	7100660
HG01123_PS00971_PacBio	split	tag	6	cram	5285363
HG01123_PS00971_PacBio	split	tag	9	bam	6642079
HG01123_PS00971_PacBio	split	tag	9	cram	5221156
HG01175_PS00998_ONT	inline	full	1	bam	177705204
HG01175_PS00998_ONT	inline	full	1	cram	136349330
HG01175_PS00998_ONT	inline	full	6	bam	162825172
HG01175_PS00998_ONT	inline	full	6	cram	134004983
HG01175_PS00998_ONT	inline	full	9	bam	155385643
HG01175_PS00998_ONT	inline	full	9	cram	132531112
HG01175_PS00998_ONT	inline	tag	1	bam	3447289
HG01175_PS00998_ONT	inline	tag	1	cram	2858554
HG01175_PS00998_ONT	inline	tag	6	bam	3252969
HG01175_PS00998_ONT	inline	tag	6	cram	2858002
HG01175_PS00998_ONT	inline	tag	9	bam	3101743
HG01175_PS00998_ONT	inline	tag	9	cram	2857760
HG01175_PS00998_ONT	META	annos	0	-	704999
HG01175_PS00998_ONT	META	reads	0	-	9834
HG01175_PS00998_ONT	split	full	1	bam	178053741
HG01175_PS00998_ONT	split	full	1	cram	136456809
HG01175_PS00998_ONT	split	full	6	bam	163136240
HG01175_PS00998_ONT	split	full	6	cram	133953335
HG01175_PS00998_ONT	split	full	9	bam	155544218
HG01175_PS00998_ONT	split	full	9	cram	132372459
HG01175_PS00998_ONT	split	tag	1	bam	3711103
HG01175_PS00998_ONT	split	tag	1	cram	2841663
HG01175_PS00998_ONT	split	tag	6	bam	3586645
HG01175_PS00998_ONT	split	tag	6	cram	2653791
HG01175_PS00998_ONT	split	tag	9	bam	3282454
HG01175_PS00998_ONT	split	tag	9	cram	2580876
HG01258_PS00972_PacBio	inline	full	1	bam	144591096
HG01258_PS00972_PacBio	inline	full	1	cram	105750462
HG01258_PS00972_PacBio	inline	full	6	bam	125150406
HG01258_PS00972_PacBio	inline	full	6	cram	91523838
HG01258_PS00972_PacBio	inline	full	9	bam	116051719
HG01258_PS00972_PacBio	inline	full	9	cram	89795147
HG01258_PS00972_PacBio	inline	tag	1	bam	7668238
HG01258_PS00972_PacBio	inline	tag	1	cram	6515710
HG01258_PS00972_PacBio	inline	tag	6	bam	7238870
HG01258_PS00972_PacBio	inline	tag	6	cram	6514383
HG01258_PS00972_PacBio	inline	tag	9	bam	6925780
HG01258_PS00972_PacBio	inline	tag	9	cram	6513447
HG01258_PS00972_PacBio	META	annos	0	-	1772540
HG01258_PS00972_PacBio	META	reads	0	-	9969
HG01258_PS00972_PacBio	split	full	1	bam	145050565
HG01258_PS00972_PacBio	split	full	1	cram	105798409
HG01258_PS00972_PacBio	split	full	6	bam	125439031
HG01258_PS00972_PacBio	split	full	6	cram	91057549
HG01258_PS00972_PacBio	split	full	9	bam	116054513
HG01258_PS00972_PacBio	split	full	9	cram	89235712
HG01258_PS00972_PacBio	split	tag	1	bam	8197158
HG01258_PS00972_PacBio	split	tag	1	cram	6412277
HG01258_PS00972_PacBio	split	tag	6	bam	7959249
HG01258_PS00972_PacBio	split	tag	6	cram	5911378
HG01258_PS00972_PacBio	split	tag	9	bam	7428799
HG01258_PS00972_PacBio	split	tag	9	cram	5819710
HG01358_PS00973_PacBio	inline	full	1	bam	145744453
HG01358_PS00973_PacBio	inline	full	1	cram	107462996
HG01358_PS00973_PacBio	inline	full	6	bam	126169631
HG01358_PS00973_PacBio	inline	full	6	cram	92120009
HG01358_PS00973_PacBio	inline	full	9	bam	116889983
HG01358_PS00973_PacBio	inline	full	9	cram	90290520
HG01358_PS00973_PacBio	inline	tag	1	bam	7479427
HG01358_PS00973_PacBio	inline	tag	1	cram	6347152
HG01358_PS00973_PacBio	inline	tag	6	bam	7057458
HG01358_PS00973_PacBio	inline	tag	6	cram	6345677
HG01358_PS00973_PacBio	inline	tag	9	bam	6768620
HG01358_PS00973_PacBio	inline	tag	9	cram	6345132
HG01358_PS00973_PacBio	META	annos	0	-	1732999
HG01358_PS00973_PacBio	META	reads	0	-	9964
HG01358_PS00973_PacBio	split	full	1	bam	146211125
HG01358_PS00973_PacBio	split	full	1	cram	108184862
HG01358_PS00973_PacBio	split	full	6	bam	126457631
HG01358_PS00973_PacBio	split	full	6	cram	91681760
HG01358_PS00973_PacBio	split	full	9	bam	116880557
HG01358_PS00973_PacBio	split	full	9	cram	89768319
HG01358_PS00973_PacBio	split	tag	1	bam	8016088
HG01358_PS00973_PacBio	split	tag	1	cram	6273232
HG01358_PS00973_PacBio	split	tag	6	bam	7772357
HG01358_PS00973_PacBio	split	tag	6	cram	5799497
HG01358_PS00973_PacBio	split	tag	9	bam	7247598
HG01358_PS00973_PacBio	split	tag	9	cram	5714343
HG01358_PS00999_ONT	inline	full	1	bam	262849428
HG01358_PS00999_ONT	inline	full	1	cram	204775413
HG01358_PS00999_ONT	inline	full	6	bam	240409343
HG01358_PS00999_ONT	inline	full	6	cram	201410839
HG01358_PS00999_ONT	inline	full	9	bam	229205795
HG01358_PS00999_ONT	inline	full	9	cram	200066231
HG01358_PS00999_ONT	inline	tag	1	bam	6672148
HG01358_PS00999_ONT	inline	tag	1	cram	5641670
HG01358_PS00999_ONT	inline	tag	6	bam	6288570
HG01358_PS00999_ONT	inline	tag	6	cram	5640696
HG01358_PS00999_ONT	inline	tag	9	bam	5994177
HG01358_PS00999_ONT	inline	tag	9	cram	5640338
HG01358_PS00999_ONT	META	annos	0	-	1441125
HG01358_PS00999_ONT	META	reads	0	-	9764
HG01358_PS00999_ONT	split	full	1	bam	263573056
HG01358_PS00999_ONT	split	full	1	cram	204893301
HG01358_PS00999_ONT	split	full	6	bam	241119169
HG01358_PS00999_ONT	split	full	6	cram	201161512
HG01358_PS00999_ONT	split	full	9	bam	229530816
HG01358_PS00999_ONT	split	full	9	cram	199636818
HG01358_PS00999_ONT	split	tag	1	bam	7157985
HG01358_PS00999_ONT	split	tag	1	cram	5584517
HG01358_PS00999_ONT	split	tag	6	bam	6931725
HG01358_PS00999_ONT	split	tag	6	cram	5199649
HG01358_PS00999_ONT	split	tag	9	bam	6332546
HG01358_PS00999_ONT	split	tag	9	cram	5037990
HG01361_PS00974_PacBio	inline	full	1	bam	150696915
HG01361_PS00974_PacBio	inline	full	1	cram	108809487
HG01361_PS00974_PacBio	inline	full	6	bam	129869493
HG01361_PS00974_PacBio	inline	full	6	cram	96591643
HG01361_PS00974_PacBio	inline	full	9	bam	120494855
HG01361_PS00974_PacBio	inline	full	9	cram	94809119
HG01361_PS00974_PacBio	inline	tag	1	bam	7911369
HG01361_PS00974_PacBio	inline	tag	1	cram	6734550
HG01361_PS00974_PacBio	inline	tag	6	bam	7457457
HG01361_PS00974_PacBio	inline	tag	6	cram	6733189
HG01361_PS00974_PacBio	inline	tag	9	bam	7122999
HG01361_PS00974_PacBio	inline	tag	9	cram	6732295
HG01361_PS00974_PacBio	META	annos	0	-	1824656
HG01361_PS00974_PacBio	META	reads	0	-	9975
HG01361_PS00974_PacBio	split	full	1	bam	151136472
HG01361_PS00974_PacBio	split	full	1	cram	108810897
HG01361_PS00974_PacBio	split	full	6	bam	130185653
HG01361_PS00974_PacBio	split	full	6	cram	95997908
HG01361_PS00974_PacBio	split	full	9	bam	120519682
HG01361_PS00974_PacBio	split	full	9	cram	94106860
HG01361_PS00974_PacBio	split	tag	1	bam	8422075
HG01361_PS00974_PacBio	split	tag	1	cram	6591986
HG01361_PS00974_PacBio	split	tag	6	bam	8191358
HG01361_PS00974_PacBio	split	tag	6	cram	6064919
HG01361_PS00974_PacBio	split	tag	9	bam	7641289
HG01361_PS00974_PacBio	split	tag	9	cram	5961321
HG01891_PS00975_PacBio	inline	full	1	bam	135025800
HG01891_PS00975_PacBio	inline	full	1	cram	97661190
HG01891_PS00975_PacBio	inline	full	6	bam	117205076
HG01891_PS00975_PacBio	inline	full	6	cram	84131321
HG01891_PS00975_PacBio	inline	full	9	bam	108650865
HG01891_PS00975_PacBio	inline	full	9	cram	82541924
HG01891_PS00975_PacBio	inline	tag	1	bam	6733545
HG01891_PS00975_PacBio	inline	tag	1	cram	5705251
HG01891_PS00975_PacBio	inline	tag	6	bam	6350129
HG01891_PS00975_PacBio	inline	tag	6	cram	5703987
HG01891_PS00975_PacBio	inline	tag	9	bam	6085245
HG01891_PS00975_PacBio	inline	tag	9	cram	5703310
HG01891_PS00975_PacBio	META	annos	0	-	1555443
HG01891_PS00975_PacBio	META	reads	0	-	9978
HG01891_PS00975_PacBio	split	full	1	bam	135437022
HG01891_PS00975_PacBio	split	full	1	cram	97708541
HG01891_PS00975_PacBio	split	full	6	bam	117523535
HG01891_PS00975_PacBio	split	full	6	cram	83717348
HG01891_PS00975_PacBio	split	full	9	bam	108695468
HG01891_PS00975_PacBio	split	full	9	cram	82065432
HG01891_PS00975_PacBio	split	tag	1	bam	7209907
HG01891_PS00975_PacBio	split	tag	1	cram	5627484
HG01891_PS00975_PacBio	split	tag	6	bam	6991087
HG01891_PS00975_PacBio	split	tag	6	cram	5198048
HG01891_PS00975_PacBio	split	tag	9	bam	6546218
HG01891_PS00975_PacBio	split	tag	9	cram	5140356
HG01891_PS01000_ONT	inline	full	1	bam	251831764
HG01891_PS01000_ONT	inline	full	1	cram	193190271
HG01891_PS01000_ONT	inline	full	6	bam	230338560
HG01891_PS01000_ONT	inline	full	6	cram	190477630
HG01891_PS01000_ONT	inline	full	9	bam	220096448
HG01891_PS01000_ONT	inline	full	9	cram	186938327
HG01891_PS01000_ONT	inline	tag	1	bam	6622399
HG01891_PS01000_ONT	inline	tag	1	cram	5594122
HG01891_PS01000_ONT	inline	tag	6	bam	6248418
HG01891_PS01000_ONT	inline	tag	6	cram	5593063
HG01891_PS01000_ONT	inline	tag	9	bam	5967341
HG01891_PS01000_ONT	inline	tag	9	cram	5592574
HG01891_PS01000_ONT	META	annos	0	-	1434730
HG01891_PS01000_ONT	META	reads	0	-	9714
HG01891_PS01000_ONT	split	full	1	bam	252580116
HG01891_PS01000_ONT	split	full	1	cram	193296258
HG01891_PS01000_ONT	split	full	6	bam	231038526
HG01891_PS01000_ONT	split	full	6	cram	190236973
HG01891_PS01000_ONT	split	full	9	bam	220462949
HG01891_PS01000_ONT	split	full	9	cram	186508050
HG01891_PS01000_ONT	split	tag	1	bam	7115319
HG01891_PS01000_ONT	split	tag	1	cram	5539845
HG01891_PS01000_ONT	split	tag	6	bam	6889110
HG01891_PS01000_ONT	split	tag	6	cram	5156501
HG01891_PS01000_ONT	split	tag	9	bam	6318566
HG01891_PS01000_ONT	split	tag	9	cram	5001737
HG01928_PS01001_ONT	inline	full	1	bam	274102001
HG01928_PS01001_ONT	inline	full	1	cram	220242224
HG01928_PS01001_ONT	inline	full	6	bam	250690111
HG01928_PS01001_ONT	inline	full	6	cram	210417664
HG01928_PS01001_ONT	inline	full	9	bam	238879444
HG01928_PS01001_ONT	inline	full	9	cram	205398604
HG01928_PS01001_ONT	inline	tag	1	bam	8675911
HG01928_PS01001_ONT	inline	tag	1	cram	7413857
HG01928_PS01001_ONT	inline	tag	6	bam	8166091
HG01928_PS01001_ONT	inline	tag	6	cram	7412626
HG01928_PS01001_ONT	inline	tag	9	bam	7764068
HG01928_PS01001_ONT	inline	tag	9	cram	7411784
HG01928_PS01001_ONT	META	annos	0	-	1889810
HG01928_PS01001_ONT	META	reads	0	-	9607
HG01928_PS01001_ONT	split	full	1	bam	274907302
HG01928_PS01001_ONT	split	full	1	cram	220176111
HG01928_PS01001_ONT	split	full	6	bam	251489546
HG01928_PS01001_ONT	split	full	6	cram	210019177
HG01928_PS01001_ONT	split	full	9	bam	239183695
HG01928_PS01001_ONT	split	full	9	cram	204652721
HG01928_PS01001_ONT	split	tag	1	bam	9253997
HG01928_PS01001_ONT	split	tag	1	cram	7295216
HG01928_PS01001_ONT	split	tag	6	bam	8971187
HG01928_PS01001_ONT	split	tag	6	cram	6769953
HG01928_PS01001_ONT	split	tag	9	bam	8146140
HG01928_PS01001_ONT	split	tag	9	cram	6563077
HG01952_PS01002_ONT	inline	full	1	bam	250856385
HG01952_PS01002_ONT	inline	full	1	cram	193069390
HG01952_PS01002_ONT	inline	full	6	bam	229619377
HG01952_PS01002_ONT	inline	full	6	cram	189329602
HG01952_PS01002_ONT	inline	full	9	bam	219326483
HG01952_PS01002_ONT	inline	full	9	cram	186799882
HG01952_PS01002_ONT	inline	tag	1	bam	7654719
HG01952_PS01002_ONT	inline	tag	1	cram	6510318
HG01952_PS01002_ONT	inline	tag	6	bam	7212371
HG01952_PS01002_ONT	inline	tag	6	cram	6509041
HG01952_PS01002_ONT	inline	tag	9	bam	6864161
HG01952_PS01002_ONT	inline	tag	9	cram	6508305
HG01952_PS01002_ONT	META	annos	0	-	1662769
HG01952_PS01002_ONT	META	reads	0	-	9720
HG01952_PS01002_ONT	split	full	1	bam	251616432
HG01952_PS01002_ONT	split	full	1	cram	193146286
HG01952_PS01002_ONT	split	full	6	bam	230313265
HG01952_PS01002_ONT	split	full	6	cram	189606207
HG01952_PS01002_ONT	split	full	9	bam	219635305
HG01952_PS01002_ONT	split	full	9	cram	186185581
HG01952_PS01002_ONT	split	tag	1	bam	8187224
HG01952_PS01002_ONT	split	tag	1	cram	6417252
HG01952_PS01002_ONT	split	tag	6	bam	7939098
HG01952_PS01002_ONT	split	tag	6	cram	5958142
HG01952_PS01002_ONT	split	tag	9	bam	7242351
HG01952_PS01002_ONT	split	tag	9	cram	5738929
HG01978_PS01003_ONT	inline	full	1	bam	245220517
HG01978_PS01003_ONT	inline	full	1	cram	187776798
HG01978_PS01003_ONT	inline	full	6	bam	224046989
HG01978_PS01003_ONT	inline	full	6	cram	185143757
HG01978_PS01003_ONT	inline	full	9	bam	213978033
HG01978_PS01003_ONT	inline	full	9	cram	181921622
HG01978_PS01003_ONT	inline	tag	1	bam	8144158
HG01978_PS01003_ONT	inline	tag	1	cram	6951010
HG01978_PS01003_ONT	inline	tag	6	bam	7669610
HG01978_PS01003_ONT	inline	tag	6	cram	6949673
HG01978_PS01003_ONT	inline	tag	9	bam	7283806
HG01978_PS01003_ONT	inline	tag	9	cram	6948770
HG01978_PS01003_ONT	META	annos	0	-	1770503
HG01978_PS01003_ONT	META	reads	0	-	9662
HG01978_PS01003_ONT	split	full	1	bam	245950968
HG01978_PS01003_ONT	split	full	1	cram	187803974
HG01978_PS01003_ONT	split	full	6	bam	224746871
HG01978_PS01003_ONT	split	full	6	cram	184660376
HG01978_PS01003_ONT	split	full	9	bam	214234658
HG01978_PS01003_ONT	split	full	9	cram	181173961
HG01978_PS01003_ONT	split	tag	1	bam	8663400
HG01978_PS01003_ONT	split	tag	1	cram	6806533
HG01978_PS01003_ONT	split	tag	6	bam	8420498
HG01978_PS01003_ONT	split	tag	6	cram	6295239
HG01978_PS01003_ONT	split	tag	9	bam	7651099
HG01978_PS01003_ONT	split	tag	9	cram	6030645
HG02071_PS00976_PacBio	inline	full	1	bam	145782495
HG02071_PS00976_PacBio	inline	full	1	cram	106017880
HG02071_PS00976_PacBio	inline	full	6	bam	125942824
HG02071_PS00976_PacBio	inline	full	6	cram	91893569
HG02071_PS00976_PacBio	inline	full	9	bam	116889286
HG02071_PS00976_PacBio	inline	full	9	cram	90168061
HG02071_PS00976_PacBio	inline	tag	1	bam	8136162
HG02071_PS00976_PacBio	inline	tag	1	cram	6925370
HG02071_PS00976_PacBio	inline	tag	6	bam	7668753
HG02071_PS00976_PacBio	inline	tag	6	cram	6923959
HG02071_PS00976_PacBio	inline	tag	9	bam	7323267
HG02071_PS00976_PacBio	inline	tag	9	cram	6923090
HG02071_PS00976_PacBio	META	annos	0	-	1879659
HG02071_PS00976_PacBio	META	reads	0	-	9967
HG02071_PS00976_PacBio	split	full	1	bam	146271666
HG02071_PS00976_PacBio	split	full	1	cram	106034876
HG02071_PS00976_PacBio	split	full	6	bam	126264971
HG02071_PS00976_PacBio	split	full	6	cram	91302614
HG02071_PS00976_PacBio	split	full	9	bam	116904235
HG02071_PS00976_PacBio	split	full	9	cram	89475198
HG02071_PS00976_PacBio	split	tag	1	bam	8664992
HG02071_PS00976_PacBio	split	tag	1	cram	6785578
HG02071_PS00976_PacBio	split	tag	6	bam	8425309
HG02071_PS00976_PacBio	split	tag	6	cram	6240056
HG02071_PS00976_PacBio	split	tag	9	bam	7854701
HG02071_PS00976_PacBio	split	tag	9	cram	6129115
HG02074_PS00977_PacBio	inline	full	1	bam	149550952
HG02074_PS00977_PacBio	inline	full	1	cram	106945645
HG02074_PS00977_PacBio	inline	full	6	bam	127515882
HG02074_PS00977_PacBio	inline	full	6	cram	93324375
HG02074_PS00977_PacBio	inline	full	9	bam	118542097
HG02074_PS00977_PacBio	inline	full	9	cram	91706891
HG02074_PS00977_PacBio	inline	tag	1	bam	8470233
HG02074_PS00977_PacBio	inline	tag	1	cram	7235310
HG02074_PS00977_PacBio	inline	tag	6	bam	7925419
HG02074_PS00977_PacBio	inline	tag	6	cram	7233768
HG02074_PS00977_PacBio	inline	tag	9	bam	7569379
HG02074_PS00977_PacBio	inline	tag	9	cram	7232878
HG02074_PS00977_PacBio	META	annos	0	-	1947302
HG02074_PS00977_PacBio	META	reads	0	-	9953
HG02074_PS00977_PacBio	split	full	1	bam	149967814
HG02074_PS00977_PacBio	split	full	1	cram	106256915
HG02074_PS00977_PacBio	split	full	6	bam	127879791
HG02074_PS00977_PacBio	split	full	6	cram	92598895
HG02074_PS00977_PacBio	split	full	9	bam	118634529
HG02074_PS00977_PacBio	split	full	9	cram	90849603
HG02074_PS00977_PacBio	split	tag	1	bam	8918664
HG02074_PS00977_PacBio	split	tag	1	cram	6987329
HG02074_PS00977_PacBio	split	tag	6	bam	8700755
HG02074_PS00977_PacBio	split	tag	6	cram	6392875
HG02074_PS00977_PacBio	split	tag	9	bam	8119532
HG02074_PS00977_PacBio	split	tag	9	cram	6265592
HG02132_PS00978_PacBio	inline	full	1	bam	134000385
HG02132_PS00978_PacBio	inline	full	1	cram	97588782
HG02132_PS00978_PacBio	inline	full	6	bam	116355842
HG02132_PS00978_PacBio	inline	full	6	cram	83902493
HG02132_PS00978_PacBio	inline	full	9	bam	107673743
HG02132_PS00978_PacBio	inline	full	9	cram	82367579
HG02132_PS00978_PacBio	inline	tag	1	bam	7407496
HG02132_PS00978_PacBio	inline	tag	1	cram	6291805
HG02132_PS00978_PacBio	inline	tag	6	bam	6998006
HG02132_PS00978_PacBio	inline	tag	6	cram	6290464
HG02132_PS00978_PacBio	inline	tag	9	bam	6688870
HG02132_PS00978_PacBio	inline	tag	9	cram	6289431
HG02132_PS00978_PacBio	META	annos	0	-	1717257
HG02132_PS00978_PacBio	META	reads	0	-	9959
HG02132_PS00978_PacBio	split	full	1	bam	134474584
HG02132_PS00978_PacBio	split	full	1	cram	97622019
HG02132_PS00978_PacBio	split	full	6	bam	116710398
HG02132_PS00978_PacBio	split	full	6	cram	83419418
HG02132_PS00978_PacBio	split	full	9	bam	107719618
HG02132_PS00978_PacBio	split	full	9	cram	81798529
HG02132_PS00978_PacBio	split	tag	1	bam	7913753
HG02132_PS00978_PacBio	split	tag	1	cram	6191668
HG02132_PS00978_PacBio	split	tag	6	bam	7695638
HG02132_PS00978_PacBio	split	tag	6	cram	5701901
HG02132_PS00978_PacBio	split	tag	9	bam	7195090
HG02132_PS00978_PacBio	split	tag	9	cram	5621410
HG02135_PS00979_PacBio	inline	full	1	bam	136822718
HG02135_PS00979_PacBio	inline	full	1	cram	101287766
HG02135_PS00979_PacBio	inline	full	6	bam	119063583
HG02135_PS00979_PacBio	inline	full	6	cram	85929539
HG02135_PS00979_PacBio	inline	full	9	bam	110112459
HG02135_PS00979_PacBio	inline	full	9	cram	84292543
HG02135_PS00979_PacBio	inline	tag	1	bam	7203640
HG02135_PS00979_PacBio	inline	tag	1	cram	6102493
HG02135_PS00979_PacBio	inline	tag	6	bam	6789916
HG02135_PS00979_PacBio	inline	tag	6	cram	6101003
HG02135_PS00979_PacBio	inline	tag	9	bam	6517072
HG02135_PS00979_PacBio	inline	tag	9	cram	6100433
HG02135_PS00979_PacBio	META	annos	0	-	1674146
HG02135_PS00979_PacBio	META	reads	0	-	9972
HG02135_PS00979_PacBio	split	full	1	bam	137301110
HG02135_PS00979_PacBio	split	full	1	cram	101361847
HG02135_PS00979_PacBio	split	full	6	bam	119351898
HG02135_PS00979_PacBio	split	full	6	cram	85496851
HG02135_PS00979_PacBio	split	full	9	bam	110101757
HG02135_PS00979_PacBio	split	full	9	cram	83791426
HG02135_PS00979_PacBio	split	tag	1	bam	7730152
HG02135_PS00979_PacBio	split	tag	1	cram	6039731
HG02135_PS00979_PacBio	split	tag	6	bam	7495631
HG02135_PS00979_PacBio	split	tag	6	cram	5577782
HG02135_PS00979_PacBio	split	tag	9	bam	7001138
HG02135_PS00979_PacBio	split	tag	9	cram	5505961
HG02148_PS01004_ONT	inline	full	1	bam	164724447
HG02148_PS01004_ONT	inline	full	1	cram	125581677
HG02148_PS01004_ONT	inline	full	6	bam	150438620
HG02148_PS01004_ONT	inline	full	6	cram	123513587
HG02148_PS01004_ONT	inline	full	9	bam	143565785
HG02148_PS01004_ONT	inline	full	9	cram	121671448
HG02148_PS01004_ONT	inline	tag	1	bam	4971024
HG02148_PS01004_ONT	inline	tag	1	cram	4175786
HG02148_PS01004_ONT	inline	tag	6	bam	4686360
HG02148_PS01004_ONT	inline	tag	6	cram	4174926
HG02148_PS01004_ONT	inline	tag	9	bam	4462542
HG02148_PS01004_ONT	inline	tag	9	cram	4174508
HG02148_PS01004_ONT	META	annos	0	-	1053044
HG02148_PS01004_ONT	META	reads	0	-	9831
HG02148_PS01004_ONT	split	full	1	bam	165201217
HG02148_PS01004_ONT	split	full	1	cram	125657802
HG02148_PS01004_ONT	split	full	6	bam	150861679
HG02148_PS01004_ONT	split	full	6	cram	123343131
HG02148_PS01004_ONT	split	full	9	bam	143743336
HG02148_PS01004_ONT	split	full	9	cram	121325402
HG02148_PS01004_ONT	split	tag	1	bam	5312683
HG02148_PS01004_ONT	split	tag	1	cram	4116928
HG02148_PS01004_ONT	split	tag	6	bam	5155849
HG02148_PS01004_ONT	split	tag	6	cram	3819657
HG02148_PS01004_ONT	split	tag	9	bam	4712442
HG02148_PS01004_ONT	split	tag	9	cram	3687071
HG02257_PS00980_PacBio	inline	full	1	bam	146577256
HG02257_PS00980_PacBio	inline	full	1	cram	107091601
HG02257_PS00980_PacBio	inline	full	6	bam	126850794
HG02257_PS00980_PacBio	inline	full	6	cram	93270319
HG02257_PS00980_PacBio	inline	full	9	bam	117704915
HG02257_PS00980_PacBio	inline	full	9	cram	91513776
HG02257_PS00980_PacBio	inline	tag	1	bam	7142430
HG02257_PS00980_PacBio	inline	tag	1	cram	6058421
HG02257_PS00980_PacBio	inline	tag	6	bam	6719379
HG02257_PS00980_PacBio	inline	tag	6	cram	6057130
HG02257_PS00980_PacBio	inline	tag	9	bam	6454640
HG02257_PS00980_PacBio	inline	tag	9	cram	6056522
HG02257_PS00980_PacBio	META	annos	0	-	1651708
HG02257_PS00980_PacBio	META	reads	0	-	9971
HG02257_PS00980_PacBio	split	full	1	bam	146983178
HG02257_PS00980_PacBio	split	full	1	cram	107142420
HG02257_PS00980_PacBio	split	full	6	bam	127104113
HG02257_PS00980_PacBio	split	full	6	cram	92859238
HG02257_PS00980_PacBio	split	full	9	bam	117685672
HG02257_PS00980_PacBio	split	full	9	cram	91022947
HG02257_PS00980_PacBio	split	tag	1	bam	7644293
HG02257_PS00980_PacBio	split	tag	1	cram	5975847
HG02257_PS00980_PacBio	split	tag	6	bam	7408433
HG02257_PS00980_PacBio	split	tag	6	cram	5525731
HG02257_PS00980_PacBio	split	tag	9	bam	6919742
HG02257_PS00980_PacBio	split	tag	9	cram	5456511
HG02257_PS01337_ONT	inline	full	1	bam	255758727
HG02257_PS01337_ONT	inline	full	1	cram	195349909
HG02257_PS01337_ONT	inline	full	6	bam	233004045
HG02257_PS01337_ONT	inline	full	6	cram	192347072
HG02257_PS01337_ONT	inline	full	9	bam	222316439
HG02257_PS01337_ONT	inline	full	9	cram	189418548
HG02257_PS01337_ONT	inline	tag	1	bam	8512553
HG02257_PS01337_ONT	inline	tag	1	cram	7263752
HG02257_PS01337_ONT	inline	tag	6	bam	8020417
HG02257_PS01337_ONT	inline	tag	6	cram	7262312
HG02257_PS01337_ONT	inline	tag	9	bam	7636285
HG02257_PS01337_ONT	inline	tag	9	cram	7261505
HG02257_PS01337_ONT	META	annos	0	-	1860862
HG02257_PS01337_ONT	META	reads	0	-	9753
HG02257_PS01337_ONT	split	full	1	bam	256563645
HG02257_PS01337_ONT	split	full	1	cram	195391383
HG02257_PS01337_ONT	split	full	6	bam	233810065
HG02257_PS01337_ONT	split	full	6	cram	191743943
HG02257_PS01337_ONT	split	full	9	bam	222648782
HG02257_PS01337_ONT	split	full	9	cram	188660978
HG02257_PS01337_ONT	split	tag	1	bam	9072565
HG02257_PS01337_ONT	split	tag	1	cram	7127768
HG02257_PS01337_ONT	split	tag	6	bam	8814468
HG02257_PS01337_ONT	split	tag	6	cram	6598691
HG02257_PS01337_ONT	split	tag	9	bam	8034311
HG02257_PS01337_ONT	split	tag	9	cram	6339312
HG02486_PS00981_PacBio	inline	full	1	bam	126294288
HG02486_PS00981_PacBio	inline	full	1	cram	91690526
HG02486_PS00981_PacBio	inline	full	6	bam	109944865
HG02486_PS00981_PacBio	inline	full	6	cram	78592534
HG02486_PS00981_PacBio	inline	full	9	bam	102022463
HG02486_PS00981_PacBio	inline	full	9	cram	77046668
HG02486_PS00981_PacBio	inline	tag	1	bam	5938305
HG02486_PS00981_PacBio	inline	tag	1	cram	5024212
HG02486_PS00981_PacBio	inline	tag	6	bam	5596628
HG02486_PS00981_PacBio	inline	tag	6	cram	5023112
HG02486_PS00981_PacBio	inline	tag	9	bam	5355411
HG02486_PS00981_PacBio	inline	tag	9	cram	5022502
HG02486_PS00981_PacBio	META	annos	0	-	1365598
HG02486_PS00981_PacBio	META	reads	0	-	9972
HG02486_PS00981_PacBio	split	full	1	bam	126634475
HG02486_PS00981_PacBio	split	full	1	cram	91739500
HG02486_PS00981_PacBio	split	full	6	bam	110257692
HG02486_PS00981_PacBio	split	full	6	cram	78270178
HG02486_PS00981_PacBio	split	full	9	bam	102059740
HG02486_PS00981_PacBio	split	full	9	cram	76673754
HG02486_PS00981_PacBio	split	tag	1	bam	6359695
HG02486_PS00981_PacBio	split	tag	1	cram	4945276
HG02486_PS00981_PacBio	split	tag	6	bam	6161512
HG02486_PS00981_PacBio	split	tag	6	cram	4573174
HG02486_PS00981_PacBio	split	tag	9	bam	5792881
HG02486_PS00981_PacBio	split	tag	9	cram	4538963
HG02486_PS01006_ONT	inline	full	1	bam	270093685
HG02486_PS01006_ONT	inline	full	1	cram	215487582
HG02486_PS01006_ONT	inline	full	6	bam	245476671
HG02486_PS01006_ONT	inline	full	6	cram	209662726
HG02486_PS01006_ONT	inline	full	9	bam	233390240
HG02486_PS01006_ONT	inline	full	9	cram	207526023
HG02486_PS01006_ONT	inline	tag	1	bam	10183744
HG02486_PS01006_ONT	inline	tag	1	cram	8740090
HG02486_PS01006_ONT	inline	tag	6	bam	9573907
HG02486_PS01006_ONT	inline	tag	6	cram	8738520
HG02486_PS01006_ONT	inline	tag	9	bam	9101822
HG02486_PS01006_ONT	inline	tag	9	cram	8737582
HG02486_PS01006_ONT	META	annos	0	-	2236846
HG02486_PS01006_ONT	META	reads	0	-	9724
HG02486_PS01006_ONT	split	full	1	bam	270976180
HG02486_PS01006_ONT	split	full	1	cram	215487210
HG02486_PS01006_ONT	split	full	6	bam	246372094
HG02486_PS01006_ONT	split	full	6	cram	208964380
HG02486_PS01006_ONT	split	full	9	bam	233668119
HG02486_PS01006_ONT	split	full	9	cram	206476803
HG02486_PS01006_ONT	split	tag	1	bam	10807792
HG02486_PS01006_ONT	split	tag	1	cram	8538805
HG02486_PS01006_ONT	split	tag	6	bam	10507332
HG02486_PS01006_ONT	split	tag	6	cram	7888508
HG02486_PS01006_ONT	split	tag	9	bam	9528906
HG02486_PS01006_ONT	split	tag	9	cram	7538426
HG02559_PS00982_PacBio	inline	full	1	bam	142742191
HG02559_PS00982_PacBio	inline	full	1	cram	103217081
HG02559_PS00982_PacBio	inline	full	6	bam	123188245
HG02559_PS00982_PacBio	inline	full	6	cram	89530248
HG02559_PS00982_PacBio	inline	full	9	bam	114241878
HG02559_PS00982_PacBio	inline	full	9	cram	87875739
HG02559_PS00982_PacBio	inline	tag	1	bam	7730509
HG02559_PS00982_PacBio	inline	tag	1	cram	6575766
HG02559_PS00982_PacBio	inline	tag	6	bam	7289541
HG02559_PS00982_PacBio	inline	tag	6	cram	6574424
HG02559_PS00982_PacBio	inline	tag	9	bam	6965989
HG02559_PS00982_PacBio	inline	tag	9	cram	6573511
HG02559_PS00982_PacBio	META	annos	0	-	1786205
HG02559_PS00982_PacBio	META	reads	0	-	9971
HG02559_PS00982_PacBio	split	full	1	bam	143192889
HG02559_PS00982_PacBio	split	full	1	cram	103231760
HG02559_PS00982_PacBio	split	full	6	bam	123510725
HG02559_PS00982_PacBio	split	full	6	cram	88998607
HG02559_PS00982_PacBio	split	full	9	bam	114262294
HG02559_PS00982_PacBio	split	full	9	cram	87250949
HG02559_PS00982_PacBio	split	tag	1	bam	8235917
HG02559_PS00982_PacBio	split	tag	1	cram	6447313
HG02559_PS00982_PacBio	split	tag	6	bam	8008362
HG02559_PS00982_PacBio	split	tag	6	cram	5931504
HG02559_PS00982_PacBio	split	tag	9	bam	7476644
HG02559_PS00982_PacBio	split	tag	9	cram	5837115
HG02559_PS01007_ONT	inline	full	1	bam	239723998
HG02559_PS01007_ONT	inline	full	1	cram	184188613
HG02559_PS01007_ONT	inline	full	6	bam	218371892
HG02559_PS01007_ONT	inline	full	6	cram	180968708
HG02559_PS01007_ONT	inline	full	9	bam	208145415
HG02559_PS01007_ONT	inline	full	9	cram	177071821
HG02559_PS01007_ONT	inline	tag	1	bam	6733522
HG02559_PS01007_ONT	inline	tag	1	cram	5694266
HG02559_PS01007_ONT	inline	tag	6	bam	6350313
HG02559_PS01007_ONT	inline	tag	6	cram	5693109
HG02559_PS01007_ONT	inline	tag	9	bam	6062402
HG02559_PS01007_ONT	inline	tag	9	cram	5692652
HG02559_PS01007_ONT	META	annos	0	-	1460467
HG02559_PS01007_ONT	META	reads	0	-	9708
HG02559_PS01007_ONT	split	full	1	bam	240471035
HG02559_PS01007_ONT	split	full	1	cram	184267963
HG02559_PS01007_ONT	split	full	6	bam	219094922
HG02559_PS01007_ONT	split	full	6	cram	180653933
HG02559_PS01007_ONT	split	full	9	bam	208506496
HG02559_PS01007_ONT	split	full	9	cram	176563501
HG02559_PS01007_ONT	split	tag	1	bam	7210976
HG02559_PS01007_ONT	split	tag	1	cram	5616269
HG02559_PS01007_ONT	split	tag	6	bam	6998277
HG02559_PS01007_ONT	split	tag	6	cram	5212660
HG02559_PS01007_ONT	split	tag	9	bam	6412095
HG02559_PS01007_ONT	split	tag	9	cram	5046107
HG02572_PS00983_PacBio	inline	full	1	bam	150912517
HG02572_PS00983_PacBio	inline	full	1	cram	107823931
HG02572_PS00983_PacBio	inline	full	6	bam	129276841
HG02572_PS00983_PacBio	inline	full	6	cram	95601396
HG02572_PS00983_PacBio	inline	full	9	bam	120067040
HG02572_PS00983_PacBio	inline	full	9	cram	93850617
HG02572_PS00983_PacBio	inline	tag	1	bam	7714910
HG02572_PS00983_PacBio	inline	tag	1	cram	6572446
HG02572_PS00983_PacBio	inline	tag	6	bam	7255610
HG02572_PS00983_PacBio	inline	tag	6	cram	6570985
HG02572_PS00983_PacBio	inline	tag	9	bam	6925220
HG02572_PS00983_PacBio	inline	tag	9	cram	6570036
HG02572_PS00983_PacBio	META	annos	0	-	1770578
HG02572_PS00983_PacBio	META	reads	0	-	9973
HG02572_PS00983_PacBio	split	full	1	bam	151304258
HG02572_PS00983_PacBio	split	full	1	cram	107804783
HG02572_PS00983_PacBio	split	full	6	bam	129582931
HG02572_PS00983_PacBio	split	full	6	cram	95015500
HG02572_PS00983_PacBio	split	full	9	bam	120135802
HG02572_PS00983_PacBio	split	full	9	cram	93159645
HG02572_PS00983_PacBio	split	tag	1	bam	8191226
HG02572_PS00983_PacBio	split	tag	1	cram	6398892
HG02572_PS00983_PacBio	split	tag	6	bam	7970474
HG02572_PS00983_PacBio	split	tag	6	cram	5888102
HG02572_PS00983_PacBio	split	tag	9	bam	7447897
HG02572_PS00983_PacBio	split	tag	9	cram	5793496
HG02622_PS01008_ONT	inline	full	1	bam	265376742
HG02622_PS01008_ONT	inline	full	1	cram	205927537
HG02622_PS01008_ONT	inline	full	6	bam	243435799
HG02622_PS01008_ONT	inline	full	6	cram	202932617
HG02622_PS01008_ONT	inline	full	9	bam	232391484
HG02622_PS01008_ONT	inline	full	9	cram	199531484
HG02622_PS01008_ONT	inline	tag	1	bam	6795422
HG02622_PS01008_ONT	inline	tag	1	cram	5764054
HG02622_PS01008_ONT	inline	tag	6	bam	6396053
HG02622_PS01008_ONT	inline	tag	6	cram	5763161
HG02622_PS01008_ONT	inline	tag	9	bam	6079300
HG02622_PS01008_ONT	inline	tag	9	cram	5762631
HG02622_PS01008_ONT	META	annos	0	-	1461580
HG02622_PS01008_ONT	META	reads	0	-	9689
HG02622_PS01008_ONT	split	full	1	bam	266041952
HG02622_PS01008_ONT	split	full	1	cram	206031519
HG02622_PS01008_ONT	split	full	6	bam	244091500
HG02622_PS01008_ONT	split	full	6	cram	202650674
HG02622_PS01008_ONT	split	full	9	bam	232662699
HG02622_PS01008_ONT	split	full	9	cram	199043559
HG02622_PS01008_ONT	split	tag	1	bam	7271022
HG02622_PS01008_ONT	split	tag	1	cram	5692183
HG02622_PS01008_ONT	split	tag	6	bam	7040178
HG02622_PS01008_ONT	split	tag	6	cram	5294210
HG02622_PS01008_ONT	split	tag	9	bam	6398498
HG02622_PS01008_ONT	split	tag	9	cram	5089838
HG02630_PS01009_ONT	inline	full	1	bam	277215132
HG02630_PS01009_ONT	inline	full	1	cram	215263280
HG02630_PS01009_ONT	inline	full	6	bam	253910784
HG02630_PS01009_ONT	inline	full	6	cram	211304507
HG02630_PS01009_ONT	inline	full	9	bam	242124795
HG02630_PS01009_ONT	inline	full	9	cram	209527555
HG02630_PS01009_ONT	inline	tag	1	bam	7225318
HG02630_PS01009_ONT	inline	tag	1	cram	6147819
HG02630_PS01009_ONT	inline	tag	6	bam	6802902
HG02630_PS01009_ONT	inline	tag	6	cram	6146877
HG02630_PS01009_ONT	inline	tag	9	bam	6454253
HG02630_PS01009_ONT	inline	tag	9	cram	6146108
HG02630_PS01009_ONT	META	annos	0	-	1552071
HG02630_PS01009_ONT	META	reads	0	-	9607
HG02630_PS01009_ONT	split	full	1	bam	277886786
HG02630_PS01009_ONT	split	full	1	cram	215365359
HG02630_PS01009_ONT	split	full	6	bam	254565800
HG02630_PS01009_ONT	split	full	6	cram	211001260
HG02630_PS01009_ONT	split	full	9	bam	242391065
HG02630_PS01009_ONT	split	full	9	cram	208013689
HG02630_PS01009_ONT	split	tag	1	bam	7725159
HG02630_PS01009_ONT	split	tag	1	cram	6068011
HG02630_PS01009_ONT	split	tag	6	bam	7470253
HG02630_PS01009_ONT	split	tag	6	cram	5644913
HG02630_PS01009_ONT	split	tag	9	bam	6786063
HG02630_PS01009_ONT	split	tag	9	cram	5413147
HG02717_PS00984_PacBio	inline	full	1	bam	136930638
HG02717_PS00984_PacBio	inline	full	1	cram	100390473
HG02717_PS00984_PacBio	inline	full	6	bam	118418669
HG02717_PS00984_PacBio	inline	full	6	cram	85463517
HG02717_PS00984_PacBio	inline	full	9	bam	109625647
HG02717_PS00984_PacBio	inline	full	9	cram	83813403
HG02717_PS00984_PacBio	inline	tag	1	bam	7600928
HG02717_PS00984_PacBio	inline	tag	1	cram	6457386
HG02717_PS00984_PacBio	inline	tag	6	bam	7166220
HG02717_PS00984_PacBio	inline	tag	6	cram	6456006
HG02717_PS00984_PacBio	inline	tag	9	bam	6849708
HG02717_PS00984_PacBio	inline	tag	9	cram	6455170
HG02717_PS00984_PacBio	META	annos	0	-	1760319
HG02717_PS00984_PacBio	META	reads	0	-	9962
HG02717_PS00984_PacBio	split	full	1	bam	137408364
HG02717_PS00984_PacBio	split	full	1	cram	100415757
HG02717_PS00984_PacBio	split	full	6	bam	118718429
HG02717_PS00984_PacBio	split	full	6	cram	84962044
HG02717_PS00984_PacBio	split	full	9	bam	109660295
HG02717_PS00984_PacBio	split	full	9	cram	83213987
HG02717_PS00984_PacBio	split	tag	1	bam	8111414
HG02717_PS00984_PacBio	split	tag	1	cram	6345397
HG02717_PS00984_PacBio	split	tag	6	bam	7882788
HG02717_PS00984_PacBio	split	tag	6	cram	5840176
HG02717_PS00984_PacBio	split	tag	9	bam	7363649
HG02717_PS00984_PacBio	split	tag	9	cram	5751764
HG02886_PS00985_PacBio	inline	full	1	bam	142924089
HG02886_PS00985_PacBio	inline	full	1	cram	101203577
HG02886_PS00985_PacBio	inline	full	6	bam	122228844
HG02886_PS00985_PacBio	inline	full	6	cram	87754584
HG02886_PS00985_PacBio	inline	full	9	bam	113518461
HG02886_PS00985_PacBio	inline	full	9	cram	86139465
HG02886_PS00985_PacBio	inline	tag	1	bam	7532419
HG02886_PS00985_PacBio	inline	tag	1	cram	6414058
HG02886_PS00985_PacBio	inline	tag	6	bam	7058203
HG02886_PS00985_PacBio	inline	tag	6	cram	6412574
HG02886_PS00985_PacBio	inline	tag	9	bam	6747287
HG02886_PS00985_PacBio	inline	tag	9	cram	6411721
HG02886_PS00985_PacBio	META	annos	0	-	1733399
HG02886_PS00985_PacBio	META	reads	0	-	9966
HG02886_PS00985_PacBio	split	full	1	bam	143310199
HG02886_PS00985_PacBio	split	full	1	cram	101160009
HG02886_PS00985_PacBio	split	full	6	bam	122583069
HG02886_PS00985_PacBio	split	full	6	cram	87138757
HG02886_PS00985_PacBio	split	full	9	bam	113602197
HG02886_PS00985_PacBio	split	full	9	cram	85429191
HG02886_PS00985_PacBio	split	tag	1	bam	7978571
HG02886_PS00985_PacBio	split	tag	1	cram	6228289
HG02886_PS00985_PacBio	split	tag	6	bam	7769360
HG02886_PS00985_PacBio	split	tag	6	cram	5720668
HG02886_PS00985_PacBio	split	tag	9	bam	7280240
HG02886_PS00985_PacBio	split	tag	9	cram	5637579
HG03453_PS01010_ONT	inline	full	1	bam	290005940
HG03453_PS01010_ONT	inline	full	1	cram	225611723
HG03453_PS01010_ONT	inline	full	6	bam	266116637
HG03453_PS01010_ONT	inline	full	6	cram	222311611
HG03453_PS01010_ONT	inline	full	9	bam	253988495
HG03453_PS01010_ONT	inline	full	9	cram	218632444
HG03453_PS01010_ONT	inline	tag	1	bam	8902597
HG03453_PS01010_ONT	inline	tag	1	cram	7617918
HG03453_PS01010_ONT	inline	tag	6	bam	8372575
HG03453_PS01010_ONT	inline	tag	6	cram	7616650
HG03453_PS01010_ONT	inline	tag	9	bam	7942207
HG03453_PS01010_ONT	inline	tag	9	cram	7615823
HG03453_PS01010_ONT	META	annos	0	-	1932221
HG03453_PS01010_ONT	META	reads	0	-	9730
HG03453_PS01010_ONT	split	full	1	bam	290781289
HG03453_PS01010_ONT	split	full	1	cram	225700280
HG03453_PS01010_ONT	split	full	6	bam	266888045
HG03453_PS01010_ONT	split	full	6	cram	221851982
HG03453_PS01010_ONT	split	full	9	bam	254250316
HG03453_PS01010_ONT	split	full	9	cram	219838843
HG03453_PS01010_ONT	split	tag	1	bam	9485821
HG03453_PS01010_ONT	split	tag	1	cram	7484935
HG03453_PS01010_ONT	split	tag	6	bam	9186355
HG03453_PS01010_ONT	split	tag	6	cram	6945115
HG03453_PS01010_ONT	split	tag	9	bam	8331456
HG03453_PS01010_ONT	split	tag	9	cram	6637991
HG03516_PS00986_PacBio	inline	full	1	bam	145353940
HG03516_PS00986_PacBio	inline	full	1	cram	105198675
HG03516_PS00986_PacBio	inline	full	6	bam	125763825
HG03516_PS00986_PacBio	inline	full	6	cram	93175797
HG03516_PS00986_PacBio	inline	full	9	bam	116556463
HG03516_PS00986_PacBio	inline	full	9	cram	91429408
HG03516_PS00986_PacBio	inline	tag	1	bam	6669557
HG03516_PS00986_PacBio	inline	tag	1	cram	5655916
HG03516_PS00986_PacBio	inline	tag	6	bam	6281469
HG03516_PS00986_PacBio	inline	tag	6	cram	5654639
HG03516_PS00986_PacBio	inline	tag	9	bam	6026362
HG03516_PS00986_PacBio	inline	tag	9	cram	5654016
HG03516_PS00986_PacBio	META	annos	0	-	1539601
HG03516_PS00986_PacBio	META	reads	0	-	9958
HG03516_PS00986_PacBio	split	full	1	bam	145735339
HG03516_PS00986_PacBio	split	full	1	cram	105251112
HG03516_PS00986_PacBio	split	full	6	bam	126050613
HG03516_PS00986_PacBio	split	full	6	cram	92805929
HG03516_PS00986_PacBio	split	full	9	bam	116567967
HG03516_PS00986_PacBio	split	full	9	cram	91004854
HG03516_PS00986_PacBio	split	tag	1	bam	7147309
HG03516_PS00986_PacBio	split	tag	1	cram	5573771
HG03516_PS00986_PacBio	split	tag	6	bam	6924109
HG03516_PS00986_PacBio	split	tag	6	cram	5161409
HG03516_PS00986_PacBio	split	tag	9	bam	6483858
HG03516_PS00986_PacBio	split	tag	9	cram	5110965
HG03540_PS01011_ONT	inline	full	1	bam	246899680
HG03540_PS01011_ONT	inline	full	1	cram	189486862
HG03540_PS01011_ONT	inline	full	6	bam	226673537
HG03540_PS01011_ONT	inline	full	6	cram	186748444
HG03540_PS01011_ONT	inline	full	9	bam	216540552
HG03540_PS01011_ONT	inline	full	9	cram	185304530
HG03540_PS01011_ONT	inline	tag	1	bam	7266394
HG03540_PS01011_ONT	inline	tag	1	cram	6176094
HG03540_PS01011_ONT	inline	tag	6	bam	6846514
HG03540_PS01011_ONT	inline	tag	6	cram	6175122
HG03540_PS01011_ONT	inline	tag	9	bam	6503684
HG03540_PS01011_ONT	inline	tag	9	cram	6174406
HG03540_PS01011_ONT	META	annos	0	-	1570001
HG03540_PS01011_ONT	META	reads	0	-	9681
HG03540_PS01011_ONT	split	full	1	bam	247580077
HG03540_PS01011_ONT	split	full	1	cram	189573812
HG03540_PS01011_ONT	split	full	6	bam	227300936
HG03540_PS01011_ONT	split	full	6	cram	186410508
HG03540_PS01011_ONT	split	full	9	bam	216804790
HG03540_PS01011_ONT	split	full	9	cram	184533926
HG03540_PS01011_ONT	split	tag	1	bam	7776537
HG03540_PS01011_ONT	split	tag	1	cram	6100673
HG03540_PS01011_ONT	split	tag	6	bam	7529473
HG03540_PS01011_ONT	split	tag	6	cram	5672497
HG03540_PS01011_ONT	split	tag	9	bam	6852909
HG03540_PS01011_ONT	split	tag	9	cram	5454611
HG03579_PS01012_ONT	inline	full	1	bam	242108645
HG03579_PS01012_ONT	inline	full	1	cram	187560341
HG03579_PS01012_ONT	inline	full	6	bam	221704484
HG03579_PS01012_ONT	inline	full	6	cram	184316014
HG03579_PS01012_ONT	inline	full	9	bam	211356695
HG03579_PS01012_ONT	inline	full	9	cram	181136762
HG03579_PS01012_ONT	inline	tag	1	bam	4624262
HG03579_PS01012_ONT	inline	tag	1	cram	3871438
HG03579_PS01012_ONT	inline	tag	6	bam	4356010
HG03579_PS01012_ONT	inline	tag	6	cram	3870747
HG03579_PS01012_ONT	inline	tag	9	bam	4154453
HG03579_PS01012_ONT	inline	tag	9	cram	3870398
HG03579_PS01012_ONT	META	annos	0	-	970601
HG03579_PS01012_ONT	META	reads	0	-	9672
HG03579_PS01012_ONT	split	full	1	bam	242600451
HG03579_PS01012_ONT	split	full	1	cram	187673368
HG03579_PS01012_ONT	split	full	6	bam	222169579
HG03579_PS01012_ONT	split	full	6	cram	184205190
HG03579_PS01012_ONT	split	full	9	bam	211591988
HG03579_PS01012_ONT	split	full	9	cram	180880468
HG03579_PS01012_ONT	split	tag	1	bam	4966353
HG03579_PS01012_ONT	split	tag	1	cram	3837331
HG03579_PS01012_ONT	split	tag	6	bam	4801805
HG03579_PS01012_ONT	split	tag	6	cram	3576092
HG03579_PS01012_ONT	split	tag	9	bam	4388892
HG03579_PS01012_ONT	split	tag	9	cram	3463401
HG03804_PS00987_PacBio	inline	full	1	bam	154953448
HG03804_PS00987_PacBio	inline	full	1	cram	112236715
HG03804_PS00987_PacBio	inline	full	6	bam	133169403
HG03804_PS00987_PacBio	inline	full	6	cram	99752114
HG03804_PS00987_PacBio	inline	full	9	bam	123622272
HG03804_PS00987_PacBio	inline	full	9	cram	98012566
HG03804_PS00987_PacBio	inline	tag	1	bam	8598982
HG03804_PS00987_PacBio	inline	tag	1	cram	7336660
HG03804_PS00987_PacBio	inline	tag	6	bam	8084270
HG03804_PS00987_PacBio	inline	tag	6	cram	7334992
HG03804_PS00987_PacBio	inline	tag	9	bam	7736719
HG03804_PS00987_PacBio	inline	tag	9	cram	7334345
HG03804_PS00987_PacBio	META	annos	0	-	1984782
HG03804_PS00987_PacBio	META	reads	0	-	9964
HG03804_PS00987_PacBio	split	full	1	bam	155412993
HG03804_PS00987_PacBio	split	full	1	cram	112230746
HG03804_PS00987_PacBio	split	full	6	bam	133490726
HG03804_PS00987_PacBio	split	full	6	cram	99117762
HG03804_PS00987_PacBio	split	full	9	bam	123634379
HG03804_PS00987_PacBio	split	full	9	cram	97251106
HG03804_PS00987_PacBio	split	tag	1	bam	9127949
HG03804_PS00987_PacBio	split	tag	1	cram	7164404
HG03804_PS00987_PacBio	split	tag	6	bam	8890052
HG03804_PS00987_PacBio	split	tag	6	cram	6578626
HG03804_PS00987_PacBio	split	tag	9	bam	8273088
HG03804_PS00987_PacBio	split	tag	9	cram	6447619
HG03942_PS00988_PacBio	inline	full	1	bam	145793901
HG03942_PS00988_PacBio	inline	full	1	cram	104782277
HG03942_PS00988_PacBio	inline	full	6	bam	125420042
HG03942_PS00988_PacBio	inline	full	6	cram	92710001
HG03942_PS00988_PacBio	inline	full	9	bam	116223863
HG03942_PS00988_PacBio	inline	full	9	cram	91085939
HG03942_PS00988_PacBio	inline	tag	1	bam	7966562
HG03942_PS00988_PacBio	inline	tag	1	cram	6785508
HG03942_PS00988_PacBio	inline	tag	6	bam	7498536
HG03942_PS00988_PacBio	inline	tag	6	cram	6784067
HG03942_PS00988_PacBio	inline	tag	9	bam	7167965
HG03942_PS00988_PacBio	inline	tag	9	cram	6783176
HG03942_PS00988_PacBio	META	annos	0	-	1838387
HG03942_PS00988_PacBio	META	reads	0	-	9932
HG03942_PS00988_PacBio	split	full	1	bam	146260090
HG03942_PS00988_PacBio	split	full	1	cram	104779054
HG03942_PS00988_PacBio	split	full	6	bam	125781657
HG03942_PS00988_PacBio	split	full	6	cram	92103883
HG03942_PS00988_PacBio	split	full	9	bam	116282425
HG03942_PS00988_PacBio	split	full	9	cram	90377078
HG03942_PS00988_PacBio	split	tag	1	bam	8466501
HG03942_PS00988_PacBio	split	tag	1	cram	6634701
HG03942_PS00988_PacBio	split	tag	6	bam	8242001
HG03942_PS00988_PacBio	split	tag	6	cram	6095786
HG03942_PS00988_PacBio	split	tag	9	bam	7690999
HG03942_PS00988_PacBio	split	tag	9	cram	5990031
HG04157_PS01013_ONT	inline	full	1	bam	269154470
HG04157_PS01013_ONT	inline	full	1	cram	209639945
HG04157_PS01013_ONT	inline	full	6	bam	246074018
HG04157_PS01013_ONT	inline	full	6	cram	205329631
HG04157_PS01013_ONT	inline	full	9	bam	234839267
HG04157_PS01013_ONT	inline	full	9	cram	201060284
HG04157_PS01013_ONT	inline	tag	1	bam	9440382
HG04157_PS01013_ONT	inline	tag	1	cram	8090204
HG04157_PS01013_ONT	inline	tag	6	bam	8887156
HG04157_PS01013_ONT	inline	tag	6	cram	8088722
HG04157_PS01013_ONT	inline	tag	9	bam	8434690
HG04157_PS01013_ONT	inline	tag	9	cram	8087862
HG04157_PS01013_ONT	META	annos	0	-	2064583
HG04157_PS01013_ONT	META	reads	0	-	9659
HG04157_PS01013_ONT	split	full	1	bam	269988537
HG04157_PS01013_ONT	split	full	1	cram	209570388
HG04157_PS01013_ONT	split	full	6	bam	246900778
HG04157_PS01013_ONT	split	full	6	cram	205485273
HG04157_PS01013_ONT	split	full	9	bam	235131360
HG04157_PS01013_ONT	split	full	9	cram	200187790
HG04157_PS01013_ONT	split	tag	1	bam	10038270
HG04157_PS01013_ONT	split	tag	1	cram	7929044
HG04157_PS01013_ONT	split	tag	6	bam	9742422
HG04157_PS01013_ONT	split	tag	6	cram	7338481
HG04157_PS01013_ONT	split	tag	9	bam	8841828
HG04157_PS01013_ONT	split	tag	9	cram	7014368
HG04160_PS00989_PacBio	inline	full	1	bam	147286588
HG04160_PS00989_PacBio	inline	full	1	cram	106012235
HG04160_PS00989_PacBio	inline	full	6	bam	126802674
HG04160_PS00989_PacBio	inline	full	6	cram	92543991
HG04160_PS00989_PacBio	inline	full	9	bam	117800114
HG04160_PS00989_PacBio	inline	full	9	cram	90758285
HG04160_PS00989_PacBio	inline	tag	1	bam	7515841
HG04160_PS00989_PacBio	inline	tag	1	cram	6396651
HG04160_PS00989_PacBio	inline	tag	6	bam	7073249
HG04160_PS00989_PacBio	inline	tag	6	cram	6395250
HG04160_PS00989_PacBio	inline	tag	9	bam	6767112
HG04160_PS00989_PacBio	inline	tag	9	cram	6394366
HG04160_PS00989_PacBio	META	annos	0	-	1728418
HG04160_PS00989_PacBio	META	reads	0	-	9957
HG04160_PS00989_PacBio	split	full	1	bam	147690420
HG04160_PS00989_PacBio	split	full	1	cram	106019490
HG04160_PS00989_PacBio	split	full	6	bam	127126856
HG04160_PS00989_PacBio	split	full	6	cram	92018395
HG04160_PS00989_PacBio	split	full	9	bam	117845758
HG04160_PS00989_PacBio	split	full	9	cram	90135067
HG04160_PS00989_PacBio	split	tag	1	bam	8009121
HG04160_PS00989_PacBio	split	tag	1	cram	6258700
HG04160_PS00989_PacBio	split	tag	6	bam	7784842
HG04160_PS00989_PacBio	split	tag	6	cram	5771489
HG04160_PS00989_PacBio	split	tag	9	bam	7274761
HG04160_PS00989_PacBio	split	tag	9	cram	5686488
HG04187_PS00990_PacBio	inline	full	1	bam	158451409
HG04187_PS00990_PacBio	inline	full	1	cram	115337197
HG04187_PS00990_PacBio	inline	full	6	bam	136346036
HG04187_PS00990_PacBio	inline	full	6	cram	103117188
HG04187_PS00990_PacBio	inline	full	9	bam	126463789
HG04187_PS00990_PacBio	inline	full	9	cram	101306343
HG04187_PS00990_PacBio	inline	tag	1	bam	7979460
HG04187_PS00990_PacBio	inline	tag	1	cram	6795293
HG04187_PS00990_PacBio	inline	tag	6	bam	7504330
HG04187_PS00990_PacBio	inline	tag	6	cram	6793778
HG04187_PS00990_PacBio	inline	tag	9	bam	7200086
HG04187_PS00990_PacBio	inline	tag	9	cram	6793208
HG04187_PS00990_PacBio	META	annos	0	-	1841259
HG04187_PS00990_PacBio	META	reads	0	-	9966
HG04187_PS00990_PacBio	split	full	1	bam	158886092
HG04187_PS00990_PacBio	split	full	1	cram	115376049
HG04187_PS00990_PacBio	split	full	6	bam	136633845
HG04187_PS00990_PacBio	split	full	6	cram	102577501
HG04187_PS00990_PacBio	split	full	9	bam	126467125
HG04187_PS00990_PacBio	split	full	9	cram	100654578
HG04187_PS00990_PacBio	split	tag	1	bam	8515678
HG04187_PS00990_PacBio	split	tag	1	cram	6673175
HG04187_PS00990_PacBio	split	tag	6	bam	8274120
HG04187_PS00990_PacBio	split	tag	6	cram	6156096
HG04187_PS00990_PacBio	split	tag	9	bam	7706173
HG04187_PS00990_PacBio	split	tag	9	cram	6052759
